{"h1": 0.17356639026063542, "h2": 0.4195793347190035, "h3": 0.5475277571841788, "h4": 0.30942218575721503}