{"alg_nMean": 6, "alg_nReps": 1, "maxGen": 2048, "popSize": 32, "prob_addConn": 0.40403628889802273, "prob_addNode": 0.19561457009902095, "prob_enable": 0.07322520635999887, "prob_initEnable": 0.22007624686980065, "prob_mutAct": 0.1424272277627635, "ram": 0, "save_mod": 1, "task": "atari_stack128_ram"}