{"alg_nMean": 6, "alg_nReps": 1, "maxGen": 2048, "popSize": 32, "prob_addConn": 0.3505575058716044, "prob_addNode": 0.26597250932105787, "prob_enable": 0.3462072844310212, "prob_initEnable": 0.34211651325607845, "prob_mutAct": 0.3233551396716398, "ram": 0, "save_mod": 1, "task": "atari_stack128_ram"}