{"alg_nMean": 6, "alg_nReps": 1, "maxGen": 2048, "popSize": 32, "prob_addConn": 0.41599697090570253, "prob_addNode": 0.46622132040021086, "prob_enable": 0.19607232426760907, "prob_initEnable": 0.03252579649263976, "prob_mutAct": 0.0671942605576092, "ram": 0, "save_mod": 1, "task": "atari_stack128_ram"}