{"alg_nMean": 6, "alg_nReps": 1, "maxGen": 2048, "popSize": 32, "prob_addConn": 0.1409124836035503, "prob_addNode": 0.5328160165372797, "prob_enable": 0.34894998940554256, "prob_initEnable": 0.35342867192380856, "prob_mutAct": 0.4354835899772805, "ram": 0, "save_mod": 1, "task": "atari_stack128_ram"}