{"alg_nMean": 6, "alg_nReps": 1, "maxGen": 2048, "popSize": 32, "prob_addConn": 0.46622132040021086, "prob_addNode": 0.08252579649263976, "prob_enable": 0.5197494707820945, "prob_initEnable": 0.0027610585618011996, "prob_mutAct": 0.4303925243084487, "ram": 0, "save_mod": 1, "task": "atari_stack128_ram"}