{"alg_nMean": 6, "alg_nReps": 1, "maxGen": 2048, "popSize": 32, "prob_addConn": 0.20212112147976885, "prob_addNode": 0.20230688458668533, "prob_enable": 0.09424625102595975, "prob_initEnable": 0.38563517334297287, "prob_mutAct": 0.311366414690997, "ram": 0, "save_mod": 1, "task": "atari_stack128_ram"}