{"alg_nMean": 6, "alg_nReps": 1, "maxGen": 2048, "popSize": 32, "prob_addConn": 0.23727005942368123, "prob_addNode": 0.3559264473611897, "prob_enable": 0.11101911742238942, "prob_initEnable": 0.194338644844741, "prob_mutAct": 0.48155171293779675, "ram": 0, "save_mod": 1, "task": "atari_stack128_ram"}