{"alg_nMean": 6, "alg_nReps": 1, "maxGen": 2048, "popSize": 32, "prob_addConn": 0.5349549260809972, "prob_addNode": 0.13526206184364575, "prob_enable": 0.43756641168055727, "prob_initEnable": 0.0993578407670862, "prob_mutAct": 0.4066223936114975, "ram": 0, "save_mod": 1, "task": "atari_stack128_ram"}